<?xml version="1.0" encoding="UTF-8"?>
<!DOCTYPE hibernate-configuration PUBLIC "-//Hibernate/Hibernate Configuration DTD 3.0//EN" "http://hibernate.org/dtd/hibernate-configuration-3.0.dtd">
<hibernate-configuration>
    <session-factory>
        <!-- Database connection properties - Driver, URL, user, password -->
        <property name="hibernate.connection.driver_class">com.mysql.jdbc.Driver</property>
        <property name="hibernate.connection.url">jdbc:mysql://localhost/shirts?serverTimezone=UTC</property>
        <property name="hibernate.connection.username">root</property>
        <property name="hibernate.connection.password">Crissg@urav123</property>

        <!-- Connection Pool Size -->
        <property name="hibernate.connection.pool_size">5</property>

        <!-- org.hibernate.HibernateException: No CurrentSessionContext configured! -->
        <property name="hibernate.current_session_context_class">thread</property>

        <!-- Outputs the SQL queries, should be disabled in Production -->
        <property name="hibernate.show_sql">true</property>

        <!-- Different RDBMSs have variations in the SQL that they support - specify MySQL-->
        <property name="hibernate.dialect">org.hibernate.dialect.MySQLDialect</property>

        <!-- Mapping files -->
        <mapping class="eu.webscraping.ShirtsModel"/>
        <mapping class="eu.webscraping.ShirtsInstance"/>
        <mapping class="eu.webscraping.ShirtsComparison"/>

    </session-factory>
</hibernate-configuration>
